snapshot_id,snapshot_ts,reason,candle_open_time,candle_close_time,position_open_time,side,size,entry_px,fees,funding,realised_pnl,fill_type,balance,equity,upnl
741,1712070420000,Open,1712070420000,1712070479999,1712070420000,Long,396.4190148987,181.8110000000,21.6220012553,0.0000000000,0.0000000000,Market,9978.3779987447,9905.0404809884,-73.3375177563
742,1712071200000,Interval,1712071200000,1712071259999,1712070420000,Long,396.4190148987,181.8110000000,21.6220012553,0.0000000000,0.0000000000,Market,9978.3779987447,9888.7873013776,-89.5906973671
743,1712072100000,Interval,1712072100000,1712072159999,1712070420000,Long,396.4190148987,181.8110000000,21.6220012553,0.0000000000,0.0000000000,Market,9978.3779987447,9776.6007201612,-201.7772785835
744,1712072280000,Flatten,1712072280000,1712072339999,1712070420000,Long,396.4190148987,181.8110000000,21.6220012553,0.0000000000,0.0000000000,Market,9978.3779987447,9478.0972019425,-500.2807968022
1757,1712982120000,Open,1712982120000,1712982179999,1712982120000,Long,445.3961015992,152.6550000000,20.3975825669,0.0000000000,0.0000000000,Market,9436.2277023593,9531.9878642031,95.7601618438
1758,1712982900000,Interval,1712982900000,1712982959999,1712982120000,Long,445.3961015992,152.6550000000,20.3975825669,0.0000000000,0.0000000000,Market,9436.2277023593,9621.0670845229,184.8393821637
1759,1712983560000,Flatten,1712983560000,1712983619999,1712982120000,Long,445.3961015992,152.6550000000,20.3975825669,0.0000000000,0.0000000000,Market,9436.2277023593,10124.3646793300,688.1369769707
3463,1714514820000,Open,1714514820000,1714514879999,1714514820000,Long,589.9854537361,125.7730000000,22.2612721418,0.0000000000,0.0000000000,Market,10301.2550318777,10426.3319480697,125.0769161921
3464,1714515600000,Interval,1714515600000,1714515659999,1714514820000,Long,589.9854537361,125.7730000000,22.2612721418,0.0000000000,0.0000000000,Market,10301.2550318777,10937.2593510052,636.0043191275
3465,1714515960000,Flatten,1714515960000,1714516019999,1714514820000,Long,589.9854537361,125.7730000000,22.2612721418,0.0000000000,0.0000000000,Market,10301.2550318777,11445.8268121257,1144.5717802480
3479,1714526460000,Open,1714526460000,1714526519999,1714526460000,Long,646.9206576878,126.0430000000,24.4619461371,0.0000000000,0.0000000000,Market,11353.3449710390,11733.7343177594,380.3893467204
3480,1714527300000,Interval,1714527300000,1714527359999,1714526460000,Long,646.9206576878,126.0430000000,24.4619461371,0.0000000000,0.0000000000,Market,11353.3449710390,11638.6369810793,285.2920100403
3481,1714528200000,Interval,1714528200000,1714528259999,1714526460000,Long,646.9206576878,126.0430000000,24.4619461371,0.0000000000,0.0000000000,Market,11353.3449710390,11972.4480404462,619.1030694072
3482,1714529100000,Interval,1714529100000,1714529159999,1714526460000,Long,646.9206576878,126.0430000000,24.4619461371,0.0000000000,0.0000000000,Market,11353.3449710390,11327.4681447315,-25.8768263075
3483,1714529340000,Flatten,1714529340000,1714529399999,1714526460000,Long,646.9206576878,126.0430000000,24.4619461371,0.0000000000,0.0000000000,Market,11353.3449710390,10859.7445092232,-493.6004618158
3485,1714529880000,Open,1714529880000,1714529939999,1714529880000,Long,637.3700878479,125.0810000000,23.9168663874,0.0000000000,0.0000000000,Market,11070.8373669556,11230.1798889176,159.3425219620
3486,1714530000000,Interval,1714530000000,1714530059999,1714529880000,Long,637.3700878479,125.0810000000,23.9168663874,0.0000000000,0.0000000000,Market,11070.8373669556,11019.2103898399,-51.6269771157
3487,1714530840000,Flatten,1714530840000,1714530899999,1714529880000,Long,637.3700878479,125.0810000000,23.9168663874,0.0000000000,0.0000000000,Market,11070.8373669556,11062.5515558136,-8.2858111420
4207,1715176320000,Open,1715176320000,1715176379999,1715176320000,Long,540.8813522425,147.0990000000,23.8689318101,0.0000000000,0.0000000000,Market,11014.7682433594,10929.8498710574,-84.9183723021
4208,1715176740000,Flatten,1715176740000,1715176799999,1715176320000,Long,540.8813522425,147.0990000000,23.8689318101,0.0000000000,0.0000000000,Market,11014.7682433594,11322.5297327854,307.7614894260
7507,1718143620000,Open,1718143620000,1718143679999,1718143620000,Long,537.9955583353,149.4770000000,24.1253886220,0.0000000000,0.0000000000,Market,11148.9962555284,11177.5100201202,28.5137645918
7508,1718144400000,Interval,1718144400000,1718144459999,1718143620000,Long,537.9955583353,149.4770000000,24.1253886220,0.0000000000,0.0000000000,Market,11148.9962555284,11123.1724687283,-25.8237868001
7509,1718144580000,Flatten,1718144580000,1718144639999,1718143620000,Long,537.9955583353,149.4770000000,24.1253886220,0.0000000000,0.0000000000,Market,11148.9962555284,10954.2418634110,-194.7543921174
7511,1718144940000,Open,1718144940000,1718144999999,1718144940000,Long,527.9994316460,148.8020000000,23.5702114283,0.0000000000,0.0000000000,Market,10906.6046896783,11036.4925498632,129.8878601849
7512,1718145300000,Interval,1718145300000,1718145359999,1718144940000,Long,527.9994316460,148.8020000000,23.5702114283,0.0000000000,0.0000000000,Market,10906.6046896783,11308.9402565926,402.3355669142
7513,1718145900000,Flatten,1718145900000,1718145959999,1718144940000,Long,527.9994316460,148.8020000000,23.5702114283,0.0000000000,0.0000000000,Market,10906.6046896783,11180.6363947026,274.0317050243
7522,1718152500000,Open,1718152500000,1718152559999,1718152500000,Long,542.9811138116,148.2880000000,24.1552750215,0.0000000000,0.0000000000,Market,11170.8332530321,11257.1672501281,86.3339970960
7523,1718152500000,Interval,1718152500000,1718152559999,1718152500000,Long,542.9811138116,148.2880000000,24.1552750215,0.0000000000,0.0000000000,Market,11170.8332530321,11257.1672501281,86.3339970960
7524,1718153400000,Interval,1718153400000,1718153459999,1718152500000,Long,542.9811138116,148.2880000000,24.1552750215,0.0000000000,0.0000000000,Market,11170.8332530321,11038.3458612620,-132.4873917700
7525,1718153460000,Flatten,1718153460000,1718153519999,1718152500000,Long,542.9811138116,148.2880000000,24.1552750215,0.0000000000,0.0000000000,Market,11170.8332530321,11072.0106903183,-98.8225627137
8716,1719223620000,Open,1719223620000,1719223679999,1719223620000,Long,626.7217066141,126.6810000000,23.8181197547,0.0000000000,0.0000000000,Market,11024.0669423110,11175.1068736050,151.0399312940
8717,1719224400000,Interval,1719224400000,1719224459999,1719223620000,Long,626.7217066141,126.6810000000,23.8181197547,0.0000000000,0.0000000000,Market,11024.0669423110,10857.3589683517,-166.7079739593
8718,1719225300000,Interval,1719225300000,1719225359999,1719223620000,Long,626.7217066141,126.6810000000,23.8181197547,0.0000000000,0.0000000000,Market,11024.0669423110,11215.2170628283,191.1501205173
8719,1719226200000,Interval,1719226200000,1719226259999,1719223620000,Long,626.7217066141,126.6810000000,23.8181197547,0.0000000000,0.0000000000,Market,11024.0669423110,10866.1330722443,-157.9338700667
8720,1719227100000,Interval,1719227100000,1719227159999,1719223620000,Long,626.7217066141,126.6810000000,23.8181197547,0.0000000000,0.0000000000,Market,11024.0669423110,11329.9071351387,305.8401928277
8721,1719228000000,Interval,1719228000000,1719228059999,1719223620000,Long,626.7217066141,126.6810000000,23.8181197547,0.0000000000,0.0000000000,Market,11024.0669423110,10987.0903616208,-36.9765806902
8722,1719228480000,Flatten,1719228480000,1719228539999,1719223620000,Long,626.7217066141,126.6810000000,23.8181197547,0.0000000000,0.0000000000,Market,11024.0669423110,10725.7474099627,-298.3195323483
12621,1722736080000,Open,1722736080000,1722736139999,1722736080000,Long,537.6365768439,142.9210000000,23.0518671597,0.0000000000,0.0000000000,Market,10669.5689135565,10816.8813356117,147.3124220552
12622,1722736200000,Interval,1722736200000,1722736259999,1722736080000,Long,537.6365768439,142.9210000000,23.0518671597,0.0000000000,0.0000000000,Market,10669.5689135565,10972.7959428964,303.2270293399
12623,1722737100000,Interval,1722737100000,1722737159999,1722736080000,Long,537.6365768439,142.9210000000,23.0518671597,0.0000000000,0.0000000000,Market,10669.5689135565,11321.1844446913,651.6155311348
12624,1722738000000,Interval,1722738000000,1722738059999,1722736080000,Long,537.6365768439,142.9210000000,23.0518671597,0.0000000000,0.0000000000,Market,10669.5689135565,11631.4007495302,961.8318359737
12625,1722738180000,Flatten,1722738180000,1722738239999,1722736080000,Long,537.6365768439,142.9210000000,23.0518671597,0.0000000000,0.0000000000,Market,10669.5689135565,12069.5745596579,1400.0056461014
13399,1723433220000,Open,1723433220000,1723433279999,1723433220000,Long,594.7082362629,143.9000000000,25.6735545595,0.0000000000,0.0000000000,Market,11870.4735314869,11944.2173527835,73.7438212966
13400,1723433700000,Interval,1723433700000,1723433759999,1723433220000,Long,594.7082362629,143.9000000000,25.6735545595,0.0000000000,0.0000000000,Market,11870.4735314869,12122.6298236624,252.1562921755
13401,1723434180000,Flatten,1723434180000,1723434239999,1723433220000,Long,594.7082362629,143.9000000000,25.6735545595,0.0000000000,0.0000000000,Market,11870.4735314869,11779.4831713387,-90.9903601482
14946,1724822460000,Open,1724822460000,1724822519999,1724822460000,Long,574.0193146570,147.8880000000,25.4671705218,0.0000000000,0.0000000000,Market,11803.8750309871,12084.5704758543,280.6954448673
14947,1724823300000,Interval,1724823300000,1724823359999,1724822460000,Long,574.0193146570,147.8880000000,25.4671705218,0.0000000000,0.0000000000,Market,11803.8750309871,11873.3313680605,69.4563370735
14948,1724823420000,Flatten,1724823420000,1724823479999,1724822460000,Long,574.0193146570,147.8880000000,25.4671705218,0.0000000000,0.0000000000,Market,11803.8750309871,11857.2588272502,53.3837962631
14951,1724824500000,Open,1724824500000,1724824559999,1724824500000,Long,586.9388231234,147.1390000000,25.9084774487,0.0000000000,0.0000000000,Market,11983.1859207794,12087.0740924722,103.8881716928
14952,1724825100000,Interval,1724825100000,1724825159999,1724824500000,Long,586.9388231234,147.1390000000,25.9084774487,0.0000000000,0.0000000000,Market,11983.1859207794,11995.5116360649,12.3257152856
14953,1724825460000,Flatten,1724825460000,1724825519999,1724824500000,Long,586.9388231234,147.1390000000,25.9084774487,0.0000000000,0.0000000000,Market,11983.1859207794,12080.6177654178,97.4318446385
16778,1726466280000,Open,1726466280000,1726466339999,1726466280000,Long,661.3740549042,131.1730000000,26.0263256712,0.0000000000,0.0000000000,Market,12028.0669700031,12063.1197949130,35.0528249099
16779,1726466700000,Interval,1726466700000,1726466759999,1726466280000,Long,661.3740549042,131.1730000000,26.0263256712,0.0000000000,0.0000000000,Market,12028.0669700031,11856.1097157280,-171.9572542751
16780,1726467240000,Flatten,1726467240000,1726467299999,1726466280000,Long,661.3740549042,131.1730000000,26.0263256712,0.0000000000,0.0000000000,Market,12028.0669700031,12085.6065127798,57.5395427767
16788,1726472820000,Open,1726472820000,1726472879999,1726472820000,Long,659.9872149484,130.8910000000,25.9159159655,0.0000000000,0.0000000000,Market,11991.9929437909,12134.5501822198,142.5572384289
16789,1726473000000,Interval,1726473000000,1726473059999,1726472820000,Long,659.9872149484,130.8910000000,25.9159159655,0.0000000000,0.0000000000,Market,11991.9929437909,12155.0097858832,163.0168420923
16790,1726473780000,Flatten,1726473780000,1726473839999,1726472820000,Long,659.9872149484,130.8910000000,25.9159159655,-8.6576462870,0.0000000000,Market,11983.3352975039,12065.1737121575,81.8384146536
16791,1726473900000,Interval,1726473900000,1726473959999,1726472820000,Long,659.9872149484,130.8910000000,25.9159159655,-8.6576462870,0.0000000000,Market,11983.3352975039,12147.0121268111,163.6768293072
23586,1732587720000,Open,1732587720000,1732587779999,1732587720000,Long,367.2130839854,238.0400000000,26.2234207536,0.0000000000,0.0000000000,Market,12137.7099862642,12306.6280048975,168.9180186333
23587,1732588500000,Interval,1732588500000,1732588559999,1732587720000,Long,367.2130839854,238.0400000000,26.2234207536,0.0000000000,0.0000000000,Market,12137.7099862642,12332.3329207765,194.6229345123
23588,1732589400000,Interval,1732589400000,1732589459999,1732587720000,Long,367.2130839854,238.0400000000,26.2234207536,0.0000000000,0.0000000000,Market,12137.7099862642,12515.9394627692,378.2294765050
23589,1732590120000,Flatten,1732590120000,1732590179999,1732587720000,Long,367.2130839854,238.0400000000,26.2234207536,0.0000000000,0.0000000000,Market,12137.7099862642,12332.3329207765,194.6229345123
23590,1732590300000,Interval,1732590300000,1732590359999,1732587720000,Long,367.2130839854,238.0400000000,26.2234207536,0.0000000000,0.0000000000,Market,12137.7099862642,12214.8247339011,77.1147476369
23594,1732592160000,Open,1732592160000,1732592219999,1732592160000,Long,369.4931993310,237.4500000000,26.3208480543,0.0000000000,0.0000000000,Market,12165.9283598695,12213.9624757826,48.0341159130
23595,1732593000000,Interval,1732593000000,1732593059999,1732592160000,Long,369.4931993310,237.4500000000,26.3208480543,0.0000000000,0.0000000000,Market,12165.9283598695,12417.1837354146,251.2553755451
23596,1732593120000,Flatten,1732593120000,1732593179999,1732592160000,Long,369.4931993310,237.4500000000,26.3208480543,0.0000000000,0.0000000000,Market,12165.9283598695,12365.4546875083,199.5263276387
23648,1732638120000,Open,1732638120000,1732638179999,1732638120000,Long,385.1614179624,230.5200000000,26.6362230206,0.0000000000,0.0000000000,Market,12312.4377585350,12366.3603570498,53.9225985147
23649,1732638900000,Interval,1732638900000,1732638959999,1732638120000,Long,385.1614179624,230.5200000000,26.6362230206,0.0000000000,0.0000000000,Market,12312.4377585350,12778.4830742695,466.0453157345
23650,1732639800000,Interval,1732639800000,1732639859999,1732638120000,Long,385.1614179624,230.5200000000,26.6362230206,0.0000000000,0.0000000000,Market,12312.4377585350,12555.0894518513,242.6516933163
23651,1732640700000,Interval,1732640700000,1732640759999,1732638120000,Long,385.1614179624,230.5200000000,26.6362230206,0.0000000000,0.0000000000,Market,12312.4377585350,12478.0571682588,165.6194097238
23652,1732641600000,Interval,1732641600000,1732641659999,1732638120000,Long,385.1614179624,230.5200000000,26.6362230206,0.0000000000,0.0000000000,Market,12312.4377585350,12670.6378772400,358.2001187050
23653,1732642500000,Interval,1732642500000,1732642559999,1732638120000,Long,385.1614179624,230.5200000000,26.6362230206,0.0000000000,0.0000000000,Market,12312.4377585350,12662.9346488808,350.4968903458
23654,1732643400000,Interval,1732643400000,1732643459999,1732638120000,Long,385.1614179624,230.5200000000,26.6362230206,0.0000000000,0.0000000000,Market,12312.4377585350,12300.8829159962,-11.5548425389
23655,1732644300000,Interval,1732644300000,1732644359999,1732638120000,Long,385.1614179624,230.5200000000,26.6362230206,0.0000000000,0.0000000000,Market,12312.4377585350,11958.0892540096,-354.3485045254
23656,1732644660000,Flatten,1732644660000,1732644719999,1732638120000,Long,385.1614179624,230.5200000000,26.6362230206,0.0000000000,0.0000000000,Market,12312.4377585350,11542.1149226103,-770.3228359247
27755,1736332080000,Open,1736332080000,1736332139999,1736332080000,Long,419.4650980477,197.6400000000,24.8709245934,0.0000000000,0.0000000000,Market,11494.6893305424,11532.4411893667,37.7518588243
27756,1736332500000,Interval,1736332500000,1736332559999,1736332080000,Long,419.4650980477,197.6400000000,24.8709245934,0.0000000000,0.0000000000,Market,11494.6893305424,11201.0637619090,-293.6255686334
27757,1736333040000,Flatten,1736333040000,1736333099999,1736332080000,Long,419.4650980477,197.6400000000,24.8709245934,0.0000000000,0.0000000000,Market,11494.6893305424,11213.6477148504,-281.0416156920
27760,1736334180000,Open,1736334180000,1736334239999,1736334180000,Long,408.3525949906,197.1900000000,24.1569144619,0.0000000000,0.0000000000,Market,11164.7041882798,11201.4559218290,36.7517335492
27761,1736334300000,Interval,1736334300000,1736334359999,1736334180000,Long,408.3525949906,197.1900000000,24.1569144619,0.0000000000,0.0000000000,Market,11164.7041882798,11197.3723958791,32.6682075993
27762,1736335140000,Flatten,1736335140000,1736335199999,1736334180000,Long,408.3525949906,197.1900000000,24.1569144619,0.0000000000,0.0000000000,Market,11164.7041882798,10772.6856970889,-392.0184911910
27774,1736343720000,Open,1736343720000,1736343779999,1736343720000,Long,392.5052188206,196.8200000000,23.1758631505,0.0000000000,0.0000000000,Market,10725.4705250239,10862.8473516111,137.3768265872
27775,1736344200000,Interval,1736344200000,1736344259999,1736343720000,Long,392.5052188206,196.8200000000,23.1758631505,0.0000000000,0.0000000000,Market,10725.4705250239,10831.4469341054,105.9764090816
27776,1736344680000,Flatten,1736344680000,1736344739999,1736343720000,Long,392.5052188206,196.8200000000,23.1758631505,0.0000000000,0.0000000000,Market,10725.4705250239,10847.1471428583,121.6766178344
29598,1737982440000,Open,1737982440000,1737982499999,1737982440000,Long,342.0182975199,229.0100000000,23.4976830945,0.0000000000,0.0000000000,Market,10890.6862110966,11147.1999342365,256.5137231399
29599,1737983100000,Flatten,1737983100000,1737983159999,1737982440000,Long,342.0182975199,229.0100000000,23.4976830945,0.0000000000,0.0000000000,Market,10890.6862110966,11968.0438482843,1077.3576371877
29600,1737983100000,Interval,1737983100000,1737983159999,1737982440000,Long,342.0182975199,229.0100000000,23.4976830945,0.0000000000,0.0000000000,Market,10890.6862110966,11968.0438482843,1077.3576371877
31573,1739757120000,Open,1739757120000,1739757179999,1739757120000,Long,463.9112516801,189.1900000000,26.3302109116,0.0000000000,0.0000000000,Market,12171.9584235437,12232.2668862622,60.3084627184
31574,1739757900000,Interval,1739757900000,1739757959999,1739757120000,Long,463.9112516801,189.1900000000,26.3302109116,0.0000000000,0.0000000000,Market,12171.9584235437,11967.8374728045,-204.1209507392
31575,1739758080000,Flatten,1739758080000,1739758139999,1739757120000,Long,463.9112516801,189.1900000000,26.3302109116,0.0000000000,0.0000000000,Market,12171.9584235437,11888.9725600189,-282.9858635249
31577,1739758500000,Open,1739758500000,1739758559999,1739758500000,Long,451.8510193161,188.6900000000,25.5779306504,0.0000000000,0.0000000000,Market,11841.7870349990,12027.0459529186,185.2589179196
31578,1739758800000,Interval,1739758800000,1739758859999,1739758500000,Long,451.8510193161,188.6900000000,25.5779306504,0.0000000000,0.0000000000,Market,11841.7870349990,11945.7127694417,103.9257344427
31579,1739759460000,Flatten,1739759460000,1739759519999,1739758500000,Long,451.8510193161,188.6900000000,25.5779306504,0.0000000000,0.0000000000,Market,11841.7870349990,11764.9723617152,-76.8146732837
32299,1740405660000,Open,1740405660000,1740405719999,1740405660000,Long,533.9469729840,158.0700000000,25.3202994059,0.0000000000,0.0000000000,Market,11714.0971760609,11836.9049798472,122.8078037863
32300,1740405900000,Interval,1740405900000,1740405959999,1740405660000,Long,533.9469729840,158.0700000000,25.3202994059,0.0000000000,0.0000000000,Market,11714.0971760609,12050.4837690408,336.3865929799
32301,1740406620000,Flatten,1740406620000,1740406679999,1740405660000,Long,533.9469729840,158.0700000000,25.3202994059,0.0000000000,0.0000000000,Market,11714.0971760609,11383.0500528108,-331.0471232501
33073,1741099020000,Open,1741099020000,1741099079999,1741099020000,Long,580.5350311155,140.4800000000,24.4660683513,0.0000000000,0.0000000000,Market,11338.7008670796,11599.9416310815,261.2407640020
33074,1741099080000,Flatten,1741099080000,1741099139999,1741099020000,Long,580.5350311155,140.4800000000,24.4660683513,0.0000000000,0.0000000000,Market,11338.7008670796,11495.4453254807,156.7444584012
33078,1741101240000,Open,1741101240000,1741101299999,1741101240000,Long,624.5703588225,135.0100000000,25.2969732434,0.0000000000,0.0000000000,Market,11707.0837254712,11856.9806115886,149.8968861174
33079,1741101600000,Interval,1741101600000,1741101659999,1741101240000,Long,624.5703588225,135.0100000000,25.2969732434,0.0000000000,0.0000000000,Market,11707.0837254712,11188.6903276485,-518.3933978227
33080,1741102500000,Interval,1741102500000,1741102559999,1741101240000,Long,624.5703588225,135.0100000000,25.2969732434,0.0000000000,0.0000000000,Market,11707.0837254712,12381.6197129995,674.5359875283
33081,1741103400000,Interval,1741103400000,1741103459999,1741101240000,Long,624.5703588225,135.0100000000,25.2969732434,0.0000000000,0.0000000000,Market,11707.0837254712,13480.8635445272,1773.7798190559
33082,1741104300000,Interval,1741104300000,1741104359999,1741101240000,Long,624.5703588225,135.0100000000,25.2969732434,-8.6509240401,0.0000000000,Market,11698.4328014312,13147.4360338994,1449.0032324682
33083,1741105200000,Interval,1741105200000,1741105259999,1741101240000,Long,624.5703588225,135.0100000000,25.2969732434,-8.6509240401,0.0000000000,Market,11698.4328014312,12335.4945674301,637.0617659990
33084,1741105380000,Flatten,1741105380000,1741105439999,1741101240000,Long,624.5703588225,135.0100000000,25.2969732434,-8.6509240401,0.0000000000,Market,11698.4328014312,11348.6734004905,-349.7594009406
36327,1744022340000,Open,1744022340000,1744022399999,1744022340000,Long,822.2208005345,101.3900000000,25.0094900899,0.0000000000,0.0000000000,Market,11567.1618241120,11665.8283201761,98.6664960641
36328,1744023000000,Interval,1744023000000,1744023059999,1744022340000,Long,822.2208005345,101.3900000000,25.0094900899,0.0000000000,0.0000000000,Market,11567.1618241120,11139.6070078340,-427.5548162779
36329,1744023300000,Flatten,1744023300000,1744023359999,1744022340000,Long,822.2208005345,101.3900000000,25.0094900899,0.0000000000,0.0000000000,Market,11567.1618241120,10621.6079034973,-945.5539206146
42752,1749802140000,Open,1749802140000,1749802199999,1749802140000,Long,523.6979269202,145.1700000000,22.8075684153,0.0000000000,0.0000000000,Market,10574.0745111683,10846.3974331669,272.3229219985
42753,1749802320000,Flatten,1749802320000,1749802379999,1749802140000,Long,523.6979269202,145.1700000000,22.8075684153,0.0000000000,0.0000000000,Market,10574.0745111683,11186.8010856650,612.7265744966
42762,1749808560000,Open,1749808560000,1749808619999,1749808560000,Long,547.5993758216,144.6100000000,23.7565037213,0.0000000000,0.0000000000,Market,10982.9909502934,11043.2268816338,60.2359313404
42763,1749809100000,Interval,1749809100000,1749809159999,1749808560000,Long,547.5993758216,144.6100000000,23.7565037213,0.0000000000,0.0000000000,Market,10982.9909502934,10490.1515120539,-492.8394382395
42764,1749809520000,Flatten,1749809520000,1749809579999,1749808560000,Long,547.5993758216,144.6100000000,23.7565037213,0.0000000000,0.0000000000,Market,10982.9909502934,10791.3311687558,-191.6597815376
42770,1749812820000,Open,1749812820000,1749812879999,1749812820000,Long,532.9266591916,145.1000000000,23.1982974746,0.0000000000,0.0000000000,Market,10738.9595145343,10898.8375122918,159.8779977575
42771,1749813600000,Interval,1749813600000,1749813659999,1749812820000,Long,532.9266591916,145.1000000000,23.1982974746,0.0000000000,0.0000000000,Market,10738.9595145343,10509.8010510819,-229.1584634524
42772,1749813780000,Flatten,1749813780000,1749813839999,1749812820000,Long,532.9266591916,145.1000000000,23.1982974746,0.0000000000,0.0000000000,Market,10738.9595145343,10387.2279194679,-351.7315950665
42774,1749814260000,Open,1749814260000,1749814319999,1749814260000,Long,515.2211509419,144.6600000000,22.3595675086,0.0000000000,0.0000000000,Market,10336.4479061512,10387.9700212454,51.5221150942
42775,1749814500000,Interval,1749814500000,1749814559999,1749814260000,Long,515.2211509419,144.6600000000,22.3595675086,0.0000000000,0.0000000000,Market,10336.4479061512,10290.0780025665,-46.3699035848
42776,1749815220000,Flatten,1749815220000,1749815279999,1749814260000,Long,515.2211509419,144.6600000000,22.3595675086,0.0000000000,0.0000000000,Market,10336.4479061512,10547.6885780374,211.2406718862
42777,1749815400000,Interval,1749815400000,1749815459999,1749814260000,Long,515.2211509419,144.6600000000,22.3595675086,0.0000000000,0.0000000000,Market,10336.4479061512,10470.4054053961,133.9574992449
42789,1749825060000,Open,1749825060000,1749825119999,1749825060000,Long,527.9220834445,144.0500000000,22.8141528361,0.0000000000,0.0000000000,Market,10553.9581439509,10659.5425606398,105.5844166889
42790,1749825300000,Interval,1749825300000,1749825359999,1749825060000,Long,527.9220834445,144.0500000000,22.8141528361,0.0000000000,0.0000000000,Market,10553.9581439509,10580.3542481231,26.3961041722
42791,1749826080000,Flatten,1749826080000,1749826139999,1749825060000,Long,527.9220834445,144.0500000000,22.8141528361,0.0000000000,0.0000000000,Market,10553.9581439509,11097.7178898987,543.7597459478
44563,1751419140000,Open,1751419140000,1751419199999,1751419140000,Long,541.6965437613,146.1000000000,23.7425595131,0.0000000000,0.0000000000,Market,11024.6098642848,11430.8822721058,406.2724078210
44564,1751419200000,Interval,1751419200000,1751419259999,1751419140000,Long,541.6965437613,146.1000000000,23.7425595131,0.0000000000,0.0000000000,Market,11024.6098642848,11436.2992375434,411.6893732586
44565,1751420100000,Interval,1751420100000,1751420159999,1751419140000,Long,541.6965437613,146.1000000000,23.7425595131,0.0000000000,0.0000000000,Market,11024.6098642848,11799.2359218635,774.6260575786
44566,1751420520000,Flatten,1751420520000,1751420579999,1751419140000,Long,541.6965437613,146.1000000000,23.7425595131,0.0000000000,0.0000000000,Market,11024.6098642848,11907.5752306157,882.9653663309
48879,1755300540000,Open,1755300540000,1755300599999,1755300540000,Long,457.6007200429,185.0600000000,25.4050767753,0.0000000000,0.0000000000,Market,11755.2712381058,11892.5514541186,137.2802160129
48880,1755300900000,Interval,1755300900000,1755300959999,1755300540000,Long,457.6007200429,185.0600000000,25.4050767753,0.0000000000,0.0000000000,Market,11755.2712381058,11727.8151949032,-27.4560432026
48881,1755301500000,Flatten,1755301500000,1755301559999,1755300540000,Long,457.6007200429,185.0600000000,25.4050767753,0.0000000000,0.0000000000,Market,11755.2712381058,11791.8792957092,36.6080576034
49135,1755528480000,Open,1755528480000,1755528539999,1755528480000,Long,467.4138135373,181.2300000000,25.4128216282,0.0000000000,0.0000000000,Market,11745.6250492867,11787.6922925050,42.0672432184
49136,1755528600000,Interval,1755528600000,1755528659999,1755528480000,Long,467.4138135373,181.2300000000,25.4128216282,0.0000000000,0.0000000000,Market,11745.6250492867,11759.6474636928,14.0224144061
49137,1755529500000,Interval,1755529500000,1755529559999,1755528480000,Long,467.4138135373,181.2300000000,25.4128216282,0.0000000000,0.0000000000,Market,11745.6250492867,12128.9043763873,383.2793271006
49138,1755530280000,Flatten,1755530280000,1755530339999,1755528480000,Long,467.4138135373,181.2300000000,25.4128216282,0.0000000000,0.0000000000,Market,11745.6250492867,11750.2991874220,4.6741381354
54299,1760172840000,Open,1760172840000,1760172899999,1760172840000,Long,453.3790104059,185.6800000000,25.2550243956,0.0000000000,0.0000000000,Market,11699.6299391567,11935.3870245678,235.7570854111
54300,1760173500000,Interval,1760173500000,1760173559999,1760172840000,Long,453.3790104059,185.6800000000,25.2550243956,0.0000000000,0.0000000000,Market,11699.6299391567,12261.8199120600,562.1899729033
54301,1760173800000,Flatten,1760173800000,1760173859999,1760172840000,Long,453.3790104059,185.6800000000,25.2550243956,0.0000000000,0.0000000000,Market,11699.6299391567,12447.7053063265,748.0753671697
54331,1760198940000,Open,1760198940000,1760198999999,1760198940000,Long,472.5012487585,183.2300000000,25.9729211430,0.0000000000,0.0000000000,Market,12010.9963909803,12100.7716282444,89.7752372641
54332,1760199600000,Interval,1760199600000,1760199659999,1760198940000,Long,472.5012487585,183.2300000000,25.9729211430,0.0000000000,0.0000000000,Market,12010.9963909803,12299.2221527230,288.2257617427
54333,1760199960000,Flatten,1760199960000,1760200019999,1760198940000,Long,472.5012487585,183.2300000000,25.9729211430,0.0000000000,0.0000000000,Market,12010.9963909803,12237.7969903844,226.8005994041
56534,1762178820000,Open,1762178820000,1762178879999,1762178820000,Long,494.8385933523,176.5900000000,26.2150641600,0.0000000000,0.0000000000,Market,12124.1342301116,12223.1019487821,98.9677186705
56535,1762179600000,Interval,1762179600000,1762179659999,1762178820000,Long,494.8385933523,176.5900000000,26.2150641600,0.0000000000,0.0000000000,Market,12124.1342301116,11678.7794960945,-445.3547340171
56536,1762179780000,Flatten,1762179780000,1762179839999,1762178820000,Long,494.8385933523,176.5900000000,26.2150641600,0.0000000000,0.0000000000,Market,12124.1342301116,11579.8117774241,-544.3224526875
56582,1762219320000,Open,1762219320000,1762219379999,1762219320000,Long,496.9112118594,167.4700000000,24.9653161950,0.0000000000,0.0000000000,Market,11533.7415952226,11538.7107073412,4.9691121186
56583,1762220100000,Interval,1762220100000,1762220159999,1762219320000,Long,496.9112118594,167.4700000000,24.9653161950,0.0000000000,0.0000000000,Market,11533.7415952226,11648.0311739502,114.2895787276
56584,1762221000000,Interval,1762221000000,1762221059999,1762219320000,Long,496.9112118594,167.4700000000,24.9653161950,0.0000000000,0.0000000000,Market,11533.7415952226,11464.1740255623,-69.5675696603
56585,1762221900000,Interval,1762221900000,1762221959999,1762219320000,Long,496.9112118594,167.4700000000,24.9653161950,0.0000000000,0.0000000000,Market,11533.7415952226,11414.4829043763,-119.2586908463
56586,1762222800000,Interval,1762222800000,1762222859999,1762219320000,Long,496.9112118594,167.4700000000,24.9653161950,0.0000000000,0.0000000000,Market,11533.7415952226,11871.6412192869,337.8996240644
56587,1762223700000,Interval,1762223700000,1762223759999,1762219320000,Long,496.9112118594,167.4700000000,24.9653161950,0.0000000000,0.0000000000,Market,11533.7415952226,11489.0195861552,-44.7220090673
56588,1762224120000,Flatten,1762224120000,1762224179999,1762219320000,Long,496.9112118594,167.4700000000,24.9653161950,0.0000000000,0.0000000000,Market,11533.7415952226,11255.4713165813,-278.2702786412
57932,1763432400000,Open,1763432400000,1763432459999,1763432400000,Long,611.9285929059,131.0500000000,24.0579726301,0.0000000000,0.0000000000,Market,11206.5315088398,11873.5336751072,667.0021662674
57933,1763432400000,Interval,1763432400000,1763432459999,1763432400000,Long,611.9285929059,131.0500000000,24.0579726301,0.0000000000,0.0000000000,Market,11206.5315088398,11873.5336751072,667.0021662674
57934,1763432880000,Flatten,1763432880000,1763432939999,1763432400000,Long,611.9285929059,131.0500000000,24.0579726301,0.0000000000,0.0000000000,Market,11206.5315088398,12460.9851242968,1254.4536154570
58271,1763734080000,Open,1763734080000,1763734139999,1763734080000,Long,718.3682606825,127.0400000000,27.3784511511,0.0000000000,0.0000000000,Market,12669.7805564127,12827.8215737629,158.0410173502
58272,1763734800000,Interval,1763734800000,1763734859999,1763734080000,Long,718.3682606825,127.0400000000,27.3784511511,0.0000000000,0.0000000000,Market,12669.7805564127,12245.9432826100,-423.8372738027
58273,1763735040000,Flatten,1763735040000,1763735099999,1763734080000,Long,718.3682606825,127.0400000000,27.3784511511,0.0000000000,0.0000000000,Market,12669.7805564127,12174.1064565418,-495.6740998710
58275,1763735400000,Open,1763735400000,1763735459999,1763735400000,Long,687.6952400227,126.4900000000,26.0959712731,0.0000000000,0.0000000000,Market,12127.9622638495,12650.6106462667,522.6483824172
58276,1763735700000,Interval,1763735700000,1763735759999,1763735400000,Long,687.6952400227,126.4900000000,26.0959712731,0.0000000000,0.0000000000,Market,12127.9622638495,13558.3683630966,1430.4060992471
58277,1763736600000,Interval,1763736600000,1763736659999,1763735400000,Long,687.6952400227,126.4900000000,26.0959712731,0.0000000000,0.0000000000,Market,12127.9622638495,13290.1672194878,1162.2049556383
58278,1763736840000,Flatten,1763736840000,1763736899999,1763735400000,Long,687.6952400227,126.4900000000,26.0959712731,0.0000000000,0.0000000000,Market,12127.9622638495,14156.6632219163,2028.7009580668
58283,1763739900000,Open,1763739900000,1763739959999,1763739900000,Long,785.6262371352,125.9000000000,29.6731029766,0.0000000000,0.0000000000,Market,13742.7912930248,13994.1916889081,251.4003958833
58284,1763740200000,Interval,1763740200000,1763740259999,1763739900000,Long,785.6262371352,125.9000000000,29.6731029766,0.0000000000,0.0000000000,Market,13742.7912930248,13727.0787682821,-15.7125247427
58285,1763740860000,Flatten,1763740860000,1763740919999,1763739900000,Long,785.6262371352,125.9000000000,29.6731029766,-9.8470392563,0.0000000000,Market,13732.9442537686,13497.2563826280,-235.6878711406
59269,1764624120000,Open,1764624120000,1764624179999,1764624120000,Long,774.1266860873,125.4000000000,29.1226459306,0.0000000000,0.0000000000,Market,13438.5313400821,13330.1536040299,-108.3777360522
59270,1764624900000,Interval,1764624900000,1764624959999,1764624120000,Long,774.1266860873,125.4000000000,29.1226459306,0.0000000000,0.0000000000,Market,13438.5313400821,13732.6994807953,294.1681407132
59271,1764625140000,Flatten,1764625140000,1764625199999,1764624120000,Long,774.1266860873,125.4000000000,29.1226459306,0.0000000000,0.0000000000,Market,13438.5313400821,13848.8184837084,410.2871436263
60196,1765455720000,Open,1765455720000,1765455779999,1765455720000,Long,761.2480308917,131.1700000000,29.9558712636,0.0000000000,0.0000000000,Market,13843.7894917368,13881.8518932814,38.0624015446
60197,1765456500000,Interval,1765456500000,1765456559999,1765455720000,Long,761.2480308917,131.1700000000,29.9558712636,0.0000000000,0.0000000000,Market,13843.7894917368,13973.2016569884,129.4121652516
60198,1765456920000,Flatten,1765456920000,1765456979999,1765455720000,Long,761.2480308917,131.1700000000,29.9558712636,0.0000000000,0.0000000000,Market,13843.7894917368,13889.4643735903,45.6748818535
60207,1765463520000,Open,1765463520000,1765463579999,1765463520000,Long,771.1806482504,130.7300000000,30.2449338437,0.0000000000,0.0000000000,Market,13996.6741904445,14174.0457395421,177.3715490976
60208,1765463700000,Interval,1765463700000,1765463759999,1765463520000,Long,771.1806482504,130.7300000000,30.2449338437,0.0000000000,0.0000000000,Market,13996.6741904445,14081.5040617521,84.8298713076
60209,1765464480000,Flatten,1765464480000,1765464539999,1765463520000,Long,771.1806482504,130.7300000000,30.2449338437,0.0000000000,0.0000000000,Market,13996.6741904445,13595.6602533543,-401.0139370902
60213,1765466220000,Open,1765466220000,1765466279999,1765466220000,Long,760.8645548386,131.0000000000,29.9019770052,0.0000000000,0.0000000000,Market,13856.9329051247,14168.8873726085,311.9544674838
60214,1765466400000,Interval,1765466400000,1765466459999,1765466220000,Long,760.8645548386,131.0000000000,29.9019770052,0.0000000000,0.0000000000,Market,13856.9329051247,14473.2331945439,616.3002894192
60215,1765466580000,Flatten,1765466580000,1765466639999,1765466220000,Long,760.8645548386,131.0000000000,29.9019770052,0.0000000000,0.0000000000,Market,13856.9329051247,14716.7098520922,859.7769469676
63966,1768840620000,Open,1768840620000,1768840679999,1768840620000,Long,806.4723003651,133.9100000000,32.3984117226,0.0000000000,0.0000000000,Market,14975.8270779889,15040.3448620182,64.5177840292
63967,1768841220000,Flatten,1768841220000,1768841279999,1768840620000,Long,806.4723003651,133.9100000000,32.3984117226,0.0000000000,0.0000000000,Market,14975.8270779889,15145.1862610656,169.3591830767
63968,1768841400000,Interval,1768841400000,1768841459999,1768840620000,Long,806.4723003651,133.9100000000,32.3984117226,0.0000000000,0.0000000000,Market,14975.8270779889,15096.7979230437,120.9708450548
64083,1768943220000,Open,1768943220000,1768943279999,1768943220000,Long,846.2268032181,127.9000000000,32.4697224395,0.0000000000,0.0000000000,Market,14991.5819796944,14932.3461034691,-59.2358762253
64084,1768944000000,Interval,1768944000000,1768944059999,1768943220000,Long,846.2268032181,127.9000000000,32.4697224395,0.0000000000,0.0000000000,Market,14991.5819796944,14644.6289903750,-346.9529893194
64085,1768944180000,Flatten,1768944180000,1768944239999,1768943220000,Long,846.2268032181,127.9000000000,32.4697224395,0.0000000000,0.0000000000,Market,14991.5819796944,14653.0912584072,-338.4907212872
64582,1769389620000,Open,1769389620000,1769389679999,1769389620000,Long,871.2168424339,120.5300000000,31.5023298056,0.0000000000,0.0000000000,Market,14597.6804827303,14920.0307144308,322.3502317005
64583,1769389800000,Flatten,1769389800000,1769389859999,1769389620000,Long,871.2168424339,120.5300000000,31.5023298056,0.0000000000,0.0000000000,Market,14597.6804827303,15216.2444408584,618.5639581281
64969,1769735400000,Open,1769735400000,1769735459999,1769735400000,Long,916.4793543265,117.6000000000,32.3333916206,0.0000000000,0.0000000000,Market,14943.1938356732,14989.0178033896,45.8239677163
64970,1769736000000,Interval,1769736000000,1769736059999,1769735400000,Long,916.4793543265,117.6000000000,32.3333916206,0.0000000000,0.0000000000,Market,14943.1938356732,14860.7106937839,-82.4831418894
64971,1769736360000,Flatten,1769736360000,1769736419999,1769735400000,Long,916.4793543265,117.6000000000,32.3333916206,0.0000000000,0.0000000000,Market,14943.1938356732,14686.5796164618,-256.6142192114
65157,1769901720000,Open,1769901720000,1769901779999,1769901720000,Long,1001.8147275500,105.2100000000,31.6202782457,0.0000000000,0.0000000000,Market,14622.7029308613,14732.9025508918,110.1996200305
65158,1769901780000,Flatten,1769901780000,1769901839999,1769901720000,Long,1001.8147275500,105.2100000000,31.6202782457,0.0000000000,0.0000000000,Market,14622.7029308613,15584.4450693093,961.7421384480
65189,1769927940000,Open,1769927940000,1769927999999,1769927940000,Long,1028.2916082732,104.5600000000,32.2554511683,0.0000000000,0.0000000000,Market,14929.3874492060,15135.0457708607,205.6583216546
65190,1769928600000,Interval,1769928600000,1769928659999,1769927940000,Long,1028.2916082732,104.5600000000,32.2554511683,0.0000000000,0.0000000000,Market,14929.3874492060,15350.9870085980,421.5995593920
65191,1769929020000,Flatten,1769929020000,1769929079999,1769927940000,Long,1028.2916082732,104.5600000000,32.2554511683,0.0000000000,0.0000000000,Market,14929.3874492060,15381.8357568462,452.4483076402
65194,1769929800000,Open,1769929800000,1769929859999,1769929800000,Long,1058.6784621765,104.7800000000,33.2784987801,0.0000000000,0.0000000000,Market,15377.8450596530,15409.6054135183,31.7603538653
65195,1769930400000,Interval,1769930400000,1769930459999,1769929800000,Long,1058.6784621765,104.7800000000,33.2784987801,0.0000000000,0.0000000000,Market,15377.8450596530,14657.9437053730,-719.9013542800
65196,1769930760000,Flatten,1769930760000,1769930819999,1769929800000,Long,1058.6784621765,104.7800000000,33.2784987801,0.0000000000,0.0000000000,Market,15377.8450596530,14742.6379823471,-635.2070773059
65199,1769931600000,Open,1769931600000,1769931659999,1769931600000,Long,1003.7793605248,104.8600000000,31.5768911234,0.0000000000,0.0000000000,Market,14677.9731545669,15330.4297389080,652.4565843411
65200,1769932200000,Interval,1769932200000,1769932259999,1769931600000,Long,1003.7793605248,104.8600000000,31.5768911234,0.0000000000,0.0000000000,Market,14677.9731545669,15300.3163580922,622.3432035254
65201,1769933100000,Interval,1769933100000,1769933159999,1769931600000,Long,1003.7793605248,104.8600000000,31.5768911234,-10.5537361966,0.0000000000,Market,14667.4194183703,14908.3264648963,240.9070465259
65202,1769934000000,Interval,1769934000000,1769934059999,1769931600000,Long,1003.7793605248,104.8600000000,31.5768911234,-10.5537361966,0.0000000000,Market,14667.4194183703,14767.7973544228,100.3779360525
65203,1769934900000,Interval,1769934900000,1769934959999,1769931600000,Long,1003.7793605248,104.8600000000,31.5768911234,-10.5537361966,0.0000000000,Market,14667.4194183703,15329.9137963167,662.4943779464
65204,1769935800000,Interval,1769935800000,1769935859999,1769931600000,Long,1003.7793605248,104.8600000000,31.5768911234,-10.5537361966,0.0000000000,Market,14667.4194183703,15339.9515899219,672.5321715516
65205,1769936700000,Interval,1769936700000,1769936759999,1769931600000,Long,1003.7793605248,104.8600000000,31.5768911234,-10.5537361966,0.0000000000,Market,14667.4194183703,15410.2161451587,742.7967267883
65206,1769937600000,Interval,1769937600000,1769937659999,1769931600000,Long,1003.7793605248,104.8600000000,31.5768911234,-10.5537361966,0.0000000000,Market,14667.4194183703,14918.3642585015,250.9448401312
65207,1769938500000,Interval,1769938500000,1769938559999,1769931600000,Long,1003.7793605248,104.8600000000,31.5768911234,-10.5537361966,0.0000000000,Market,14667.4194183703,15119.1201306065,451.7007122362
65208,1769939400000,Interval,1769939400000,1769939459999,1769931600000,Long,1003.7793605248,104.8600000000,31.5768911234,-10.5537361966,0.0000000000,Market,14667.4194183703,15189.3846858432,521.9652674729
65209,1769940300000,Interval,1769940300000,1769940359999,1769931600000,Long,1003.7793605248,104.8600000000,31.5768911234,-10.5537361966,0.0000000000,Market,14667.4194183703,15219.4980666589,552.0786482886
65210,1769941200000,Interval,1769941200000,1769941259999,1769931600000,Long,1003.7793605248,104.8600000000,31.5768911234,-10.5537361966,0.0000000000,Market,14667.4194183703,15259.6492410799,592.2298227096
65211,1769942100000,Interval,1769942100000,1769942159999,1769931600000,Long,1003.7793605248,104.8600000000,31.5768911234,-10.5537361966,0.0000000000,Market,14667.4194183703,14737.6839736071,70.2645552367
65212,1769942400000,Flatten,1769942400000,1769942459999,1769931600000,Long,1003.7793605248,104.8600000000,31.5768911234,-10.5537361966,0.0000000000,Market,14667.4194183703,14306.0588485814,-361.3605697889
66185,1770816780000,Open,1770816780000,1770816839999,1770816780000,Long,1260.8716570412,81.3000000000,30.7526597152,0.0000000000,0.0000000000,Market,14253.8724881809,14594.3078355820,340.4353474011
66186,1770816900000,Interval,1770816900000,1770816959999,1770816780000,Long,1260.8716570412,81.3000000000,30.7526597152,0.0000000000,0.0000000000,Market,14253.8724881809,14443.0032367371,189.1307485562
66187,1770817800000,Interval,1770817800000,1770817859999,1770816780000,Long,1260.8716570412,81.3000000000,30.7526597152,0.0000000000,0.0000000000,Market,14253.8724881809,14279.0899213217,25.2174331408
66188,1770817860000,Flatten,1770817860000,1770817919999,1770816780000,Long,1260.8716570412,81.3000000000,30.7526597152,0.0000000000,0.0000000000,Market,14253.8724881809,13875.6109910685,-378.2614971124
